courseid,chapterid,sectionid,unitid,subunitid,-,topic,-,chapter,-,Cognitive level,-,description_of_topic,-
15,,,,,-,Numerical Receipt,-,Course,-,Understanding,-,,-
15,0,,,,-,Objective,-,Course objective,-,Understanding,-,,-
15,0,1,,,-,Obj1,-,Course objective,-,Understanding,-,,-
15,0,2,,,-,Obj2,-,Course objective,-,Understanding,-,,-
15,0,3,,,-,Obj3,-,Course objective,-,Understanding,-,,-
15,0,4,,,-,Obj4,-,Course objective,-,Understanding,-,,-
15,0,5,,,-,Obj5,-,Course objective,-,Understanding,-,,-
15,1,,,,-,Introduction,-,Introduction,-,Understanding,-,,-
15,1,1,,,-,Numerical mathematics,-,Introduction,-,Understanding,-,,-
15,1,2,,,-,Lagrange interpolatie,-,Introduction,-,Understanding,-,,-
15,2,,,,-,Differentiation and derivative,-,Differentiation and derivative,-,Understanding,-,,-
15,2,1,,,-,Derivative: the basics,-,Differentiation and derivative,-,Understanding,-,,-
15,2,2,,,-,Calculation rules for differentiation,-,Differentiation and derivative,-,Understanding,-,,-
15,2,3,,,-,Derivative: moistened,-,Differentiation and derivative,-,Understanding,-,,-
15,2,4,,,-,Application,-,Differentiation and derivative,-,Understanding,-,,-
15,2,5,,,-,Numerical derivative,-,Differentiation and derivative,-,Understanding,-,,-
15,3,,,,-,Taylor approximations and limits,-,Taylor approximations and limits,-,Understanding,-,,-
15,3,1,,,-,Taylor approaches,-,Taylor approximations and limits,-,Understanding,-,,-
15,3,2,,,-,Limits of rows,-,Taylor approximations and limits,-,Understanding,-,,-
15,3,3,,,-,Limits of functions,-,Taylor approximations and limits,-,Understanding,-,,-
15,4,,,,-,Differentials and integrals,-,Differentials and integrals,-,Understanding,-,,-
15,4,1,,,-,Differentials,-,Differentials and integrals,-,Understanding,-,,-
15,4,2,,,-,Primitive,-,Differentials and integrals,-,Understanding,-,,-
15,4,3,,,-,Surface and integrate,-,Differentials and integrals,-,Understanding,-,,-
15,4,4,,,-,Integration techniques,-,Differentials and integrals,-,Understanding,-,,-
15,4,4,1,,-,inverse chain rule and partial integrate,-,Differentials and integrals,-,Understanding,-,,-
15,4,4,2,,-,Repeated partial integration and substitution rule,-,Differentials and integrals,-,Understanding,-,,-
15,5,,,,-,Functions of more variables,-,Functions of more variables,-,Understanding,-,,-
15,5,1,,,-,Functions of 2 or more variables,-,Functions of more variables,-,Understanding,-,,-
15,5,2,,,-,Differentiating functions of 2 or more variables,-,Functions of more variables,-,Understanding,-,,-
15,5,2,1,,-,Partial derivatives,-,Functions of more variables,-,Understanding,-,,-
15,5,2,2,,-,gradient,-,Functions of more variables,-,Understanding,-,,-
15,5,2,2,1,-,Chain rules,-,Functions of more variables,-,Understanding,-,,-
15,5,3,,,-,Tangent vectors and tangent plane,-,Functions of more variables,-,Understanding,-,,-
15,5,4,,,-,Stationary points,-,Functions of more variables,-,Understanding,-,,-
15,6,,,,-,Differential equations,-,Differential equations,-,Understanding,-,,-
15,6,1,,,-,Introduction,-,Differential equations,-,Understanding,-,,-
15,6,2,,,-,Terminologle,-,Differential equations,-,Understanding,-,,-
15,6,3,,,-,Separating variables,-,Differential equations,-,Understanding,-,,-
15,6,4,,,-,Line element field and solution curves,-,Differential equations,-,Understanding,-,,-
15,6,5,,,-,Asymptotics and stability,-,Differential equations,-,Understanding,-,,-
15,6,6,,,-,linear 2nd order GDVs with constant coefficients,-,Differential equations,-,Understanding,-,,-
15,6,7,,,-,Bifurcations,-,Differential equations,-,Understanding,-,,-