courseid,chapterid,sectionid,unitid,subunitid,-,topic,-,chapter,-,Cognitive level,-,description_of_topic,-
17,,,,,-,Algorithm and Complexity,-,Course,-,Understanding,-,,-
17,0,,,,-,Objective,-,Course objective,-,Understanding,-,,-
17,0,1,,,-,Obj1,-,Course objective,-,Understanding,-,,-
17,0,2,,,-,Obj2,-,Course objective,-,Understanding,-,,-
17,0,3,,,-,Obj3,-,Course objective,-,Understanding,-,,-
17,0,4,,,-,Obj4,-,Course objective,-,Understanding,-,,-
17,0,5,,,-,Obj5,-,Course objective,-,Understanding,-,,-
17,1,,,,-,Algorithmic Techniques,-,Algorithmic Techniques,-,Understanding,-,,-
17,1,1,,,-,Recursion,-,Algorithmic Techniques,-,Understanding,-,,-
17,1,1,1,,-,Divide and Conquer,-,Algorithmic Techniques,-,Understanding,-,,-
17,1,1,1,1,-,Binary search,-,Algorithmic Techniques,-,Understanding,-,,-
17,1,1,1,2,-,Mergesort,-,Algorithmic Techniques,-,Understanding,-,,-
17,1,1,1,3,-,Quicksort,-,Algorithmic Techniques,-,Understanding,-,,-
17,1,1,1,4,-,Matrix multiplication,-,Algorithmic Techniques,-,Understanding,-,,-
17,1,1,1,5,-,Karatsuba Multiplication,-,Algorithmic Techniques,-,Understanding,-,,-
17,1,1,1,6,-,Fast Fourier Transform,-,Algorithmic Techniques,-,Understanding,-,,-
17,1,1,2,,-,Backtracking,-,Algorithmic Techniques,-,Understanding,-,,-
17,1,1,2,1,-,Gauss’ algorithm,-,Algorithmic Techniques,-,Understanding,-,,-
17,1,1,2,2,-,Recursive algorithm,-,Algorithmic Techniques,-,Understanding,-,,-
17,1,1,2,3,-,Game-playing algorithm,-,Algorithmic Techniques,-,Understanding,-,,-
17,1,1,2,4,-,subset sum,-,Algorithmic Techniques,-,Understanding,-,,-
17,1,1,2,5,-,LIS algorithm,-,Algorithmic Techniques,-,Understanding,-,,-
17,1,2,,,-,Dynamic Programming,-,Algorithmic Techniques,-,Understanding,-,,-
17,1,2,1,,-,Fibonacci Sequence,-,Algorithmic Techniques,-,Understanding,-,,-
17,1,2,2,,-,Text Segmentation,-,Algorithmic Techniques,-,Understanding,-,,-
17,1,2,3,,-,Subset Sum,-,Algorithmic Techniques,-,Understanding,-,,-
17,1,2,4,,-,Longest Increasing Subsequence,-,Algorithmic Techniques,-,Understanding,-,,-
17,1,2,5,,-,Edit Distance,-,Algorithmic Techniques,-,Understanding,-,,-
17,1,2,6,,-,Maximum Independent Set,-,Algorithmic Techniques,-,Understanding,-,,-
17,1,3,,,-,Greedy Algorithms,-,Algorithmic Techniques,-,Understanding,-,,-
17,1,3,1,,-,Sorting Files on Tape,-,Algorithmic Techniques,-,Understanding,-,,-
17,1,3,2,,-,Exchange Arguments,-,Algorithmic Techniques,-,Understanding,-,,-
17,1,3,3,,-,Scheduling Problem,-,Algorithmic Techniques,-,Understanding,-,,-
17,1,3,4,,-,Huffman Codes,-,Algorithmic Techniques,-,Understanding,-,,-
17,2,,,,-,Graph Algorithms,-,Graph Algorithms,-,Understanding,-,,-
17,2,1,,,-,Spanning trees,-,Graph Algorithms,-,Understanding,-,,-
17,2,1,1,,-,Kruskal’s algorithm,-,Graph Algorithms,-,Understanding,-,,-
17,2,1,2,,-,Jarník’s algorithm,-,Graph Algorithms,-,Understanding,-,,-
17,2,2,,,-,Shortest Paths,-,Graph Algorithms,-,Understanding,-,,-
17,2,2,1,,-,Dijkstra’s algorithm,-,Graph Algorithms,-,Understanding,-,,-
17,2,3,,,-,Network Flows,-,Graph Algorithms,-,Understanding,-,,-
17,2,3,1,,-,Network Flows and Cuts,-,Graph Algorithms,-,Understanding,-,,-
17,2,3,2,,-,Max Flow- Min Cut Theorem,-,Graph Algorithms,-,Understanding,-,,-
17,2,3,3,,-,Ford-Fulkerson Algorithm,-,Graph Algorithms,-,Understanding,-,,-
17,2,4,,,-,Graph Applications,-,Graph Algorithms,-,Understanding,-,,-
17,2,4,1,,-,Edge Disjoint Paths,-,Graph Algorithms,-,Understanding,-,,-
17,2,4,2,,-,Vertex Disjoint Paths,-,Graph Algorithms,-,Understanding,-,,-
17,2,4,3,,-,Bipartite Matching,-,Graph Algorithms,-,Understanding,-,,-
17,2,5,,,-,Real-Life Applications,-,Graph Algorithms,-,Understanding,-,,-
17,2,5,1,,-,Assignment Problem,-,Graph Algorithms,-,Understanding,-,,-
17,2,5,2,,-,Baseball Elimination,-,Graph Algorithms,-,Understanding,-,,-
17,2,5,3,,-,Job Selection,-,Graph Algorithms,-,Understanding,-,,-
17,3,,,,,Linear Programming,-,Linear Programming,-,Understanding,-,,-
17,3,1,,,,LP Introduction,,Linear Programming,,Understanding,,,
17,3,2,,,,Compute dual of a LP,-,Linear Programming,-,Understanding,-,,-