courseid,chapterid,sectionid,unitid,subunitid,-,topic,-,chapter,-,Cognitive level,-,description_of_topic,-
19,,,,,-,Computational Science,-,Course,-,Understanding,-,,-
19,0,,,,-,Objective,-,Course objective,-,Understanding,-,,-
19,0,1,,,-,Obj1,-,Course objective,-,Understanding,-,,-
19,0,2,,,-,Obj2,-,Course objective,-,Understanding,-,,-
19,0,3,,,-,Obj3,-,Course objective,-,Understanding,-,,-
19,0,4,,,-,Obj4,-,Course objective,-,Understanding,-,,-
19,0,5,,,-,Obj5,-,Course objective,-,Understanding,-,,-
19,1,,,,-,Introduction,-,Introduction,-,Understanding,-,,-
19,1,1,,,-,The 3rd pillar of science,-,Introduction,-,Understanding,-,,-
19,1,2,,,-,"System, experiment, model, simulation",-,Introduction,-,Understanding,-,,-
19,1,3,,,-,Validation and verification,-,Introduction,-,Understanding,-,,-
19,1,4,,,-,Types of models,-,Introduction,-,Understanding,-,,-
19,2,,,,-,Cellular Automata,-,Cellular Automata,-,Understanding,-,,-
19,2,1,,,-,Cellular Automata Introduction,-,Cellular Automata,-,Understanding,-,,-
19,2,2,,,-,Wolfram classification,-,Cellular Automata,-,Understanding,-,,-
19,2,3,,,-,Transients and cycles,-,Cellular Automata,-,Understanding,-,,-
19,3,,,,-,CA quantify complexity,-,CA quantify complexity,-,Understanding,-,,-
19,3,1,,,-,Langton parameter,-,CA quantify complexity,-,Understanding,-,,-
19,3,2,,,-,Complexity measures,-,CA quantify complexity,-,Understanding,-,,-
19,4,,,,-,2-dimensional CA and Game of Life,-,2-dimensional CA and Game of Life,-,Understanding,-,,-
19,4,1,,,-,2-dimensional CA,-,2-dimensional CA and Game of Life,-,Understanding,-,,-
19,4,2,,,-,Game of Life,-,2-dimensional CA and Game of Life,-,Understanding,-,,-
19,4,3,,,-,Universal computation,-,2-dimensional CA and Game of Life,-,Understanding,-,,-
19,5,,,,-,"CA-based models, Fire, traffic",-,"CA-based models, Fire, traffic",-,Understanding,-,,-
19,5,1,,,-,Forest fire,-,"CA-based models, Fire, traffic",-,Understanding,-,,-
19,5,2,,,-,Lattice gas,-,"CA-based models, Fire, traffic",-,Understanding,-,,-
19,5,3,,,-,Traffic flow,-,"CA-based models, Fire, traffic",-,Understanding,-,,-
19,6,,,,-,Mean-field theory and Voting model,-,Mean-field theory and Voting model,-,Understanding,-,,-
19,6,1,,,-,Mean-field theory,-,Mean-field theory and Voting model,-,Understanding,-,,-
19,6,1,1,,-,2D discrete CA-based,-,Mean-field theory and Voting model,-,Understanding,-,,-
19,6,1,2,,-,0D continuous ODE,-,Mean-field theory and Voting model,-,Understanding,-,,-
19,6,1,3,,-,Predator-prey model,-,Mean-field theory and Voting model,-,Understanding,-,,-
19,6,2,,,-,Voting model,-,Mean-field theory and Voting model,-,Understanding,-,,-
19,7,,,,-,Game theory and Genetic Algorithms,-,Game theory and Genetic Algorithms,-,Understanding,-,,-
19,7,1,,,-,Strategic interdependent behavior,-,Game theory and Genetic Algorithms,-,Understanding,-,,-
19,7,1,1,,-,Parallel scenarios,-,Game theory and Genetic Algorithms,-,Understanding,-,,-
19,7,1,2,,-,Payoff tables,-,Game theory and Genetic Algorithms,-,Understanding,-,,-
19,7,1,3,,-,Strict dominance and Nash equilibria,-,Game theory and Genetic Algorithms,-,Understanding,-,,-
19,7,1,4,,-,Mixed strategy,-,Game theory and Genetic Algorithms,-,Understanding,-,,-
19,7,2,,,-,Iterated Prisoner’s Dilemma,-,Game theory and Genetic Algorithms,-,Understanding,-,,-
19,7,2,1,,-,model cooperation/competition,-,Game theory and Genetic Algorithms,-,Understanding,-,,-
19,7,3,,,-,Genetic algorithms,-,Game theory and Genetic Algorithms,-,Understanding,-,,-
19,8,,,,-,CA analytics,-,CA analytics,-,Understanding,-,,-
19,8,1,,,-,Totalistic,-,CA analytics,-,Understanding,-,,-
19,8,2,,,-,Probabilistic,-,CA analytics,-,Understanding,-,,-
19,8,3,,,-,Additive,-,CA analytics,-,Understanding,-,,-
19,8,4,,,-,Reversible,-,CA analytics,-,Understanding,-,,-
19,8,5,,,-,Ergodic,-,CA analytics,-,Understanding,-,,-
19,9,,,,-,Complex Networks and Graph theory,-,Complex Networks and Graph theory,-,Understanding,-,,-
19,9,1,,,-,Complex networks,-,Complex Networks and Graph theory,-,Understanding,-,,-
19,9,1,1,,-,Complex systems,-,Complex Networks and Graph theory,-,Understanding,-,,-
19,9,1,2,,-,Network,-,Complex Networks and Graph theory,-,Understanding,-,,-
19,9,1,2,1,-,The role of networks,-,Complex Networks and Graph theory,-,Understanding,-,,-
19,9,1,2,2,-,The life of networks,-,Complex Networks and Graph theory,-,Understanding,-,,-
19,9,1,3,,-,Network science,-,Complex Networks and Graph theory,-,Understanding,-,,-
19,9,1,3,1,-,Impact of network science,-,Complex Networks and Graph theory,-,Understanding,-,,-
19,9,2,,,-,Graph,-,Complex Networks and Graph theory,-,Understanding,-,,-
19,9,2,1,,-,A proper representation,-,Complex Networks and Graph theory,-,Understanding,-,,-
19,9,2,2,,-,Measures,-,Complex Networks and Graph theory,-,Understanding,-,,-
19,9,2,3,,-,Graphology,-,Complex Networks and Graph theory,-,Understanding,-,,-
19,9,2,4,,-,Pathology,-,Complex Networks and Graph theory,-,Understanding,-,,-
19,9,2,5,,-,Degree distribution,-,Complex Networks and Graph theory,-,Understanding,-,,-
19,9,3,,,-,Types of Networks,-,Complex Networks and Graph theory,-,Understanding,-,,-
19,9,3,1,,-,Regular lattice,-,Complex Networks and Graph theory,-,Understanding,-,,-
19,9,3,2,,-,Random Networks,-,Complex Networks and Graph theory,-,Understanding,-,,-
19,9,3,3,,-,Watts-Strogatz model,-,Complex Networks and Graph theory,-,Understanding,-,,-
19,9,3,4,,-,Scale-Free Networks,-,Complex Networks and Graph theory,-,Understanding,-,,-