courseid,chapterid,sectionid,unitid,subunitid,-,topic,-,chapter,-,Cognitive level,-,description_of_topic,-
21,,,,,-,Compiler Construction,-,Course,-,Understanding,-,,-
21,0,,,,-,Objective,-,Course objective,-,Understanding,-,,-
21,0,1,,,-,Obj1,-,Course objective,-,Understanding,-,,-
21,0,2,,,-,Obj2,-,Course objective,-,Understanding,-,,-
21,0,3,,,-,Obj3,-,Course objective,-,Understanding,-,,-
21,0,4,,,-,Obj4,-,Course objective,-,Understanding,-,,-
21,0,5,,,-,Obj5,-,Course objective,-,Understanding,-,,-
21,1,,,,-,Introduction,-,Introduction,-,Understanding,-,,-
21,1,1,,,-,Compiler Introduction,-,Introduction,-,Understanding,-,,-
21,1,2,,,-,Compiler and Interpreter,-,Introduction,-,Understanding,-,,-
21,1,3,,,-,Just-in-Time Compilation,-,Introduction,-,Understanding,-,,-
21,1,4,,,-,Fundamental Principle of Compilation,-,Introduction,-,Understanding,-,,-
21,1,5,,,-,Compiler Tool Chain,-,Introduction,-,Understanding,-,,-
21,1,6,,,-,Compiler: The User’s View,-,Introduction,-,Understanding,-,,-
21,2,,,,-,Compiler Structure,-,Compiler Structure,-,Understanding,-,,-
21,2,1,,,-,Basic Compiler Structure,-,Compiler Structure,-,Understanding,-,,-
21,2,1,1,,-,Front end,-,Compiler Structure,-,Understanding,-,,-
21,2,1,2,,-,Back end,-,Compiler Structure,-,Understanding,-,,-
21,2,2,,,-,Advanced Compiler Structure,-,Compiler Structure,-,Understanding,-,,-
21,2,2,1,,-,Front end,-,Compiler Structure,-,Understanding,-,,-
21,2,2,1,1,-,Lexicographic analysis:Scanner,-,Compiler Structure,-,Understanding,-,,-
21,2,2,1,2,-,Syntactic analysis:Parser,-,Compiler Structure,-,Understanding,-,,-
21,2,2,1,3,-,Semantic analysis,-,Compiler Structure,-,Understanding,-,,-
21,2,2,2,,-,Optimiser (Middle end),-,Compiler Structure,-,Understanding,-,,-
21,2,2,2,1,-,Prologue optimisations:,-,Compiler Structure,-,Understanding,-,,-
21,2,2,2,2,-,Cycle optimisations:,-,Compiler Structure,-,Understanding,-,,-
21,2,2,2,3,-,Epilogue optimisations:,-,Compiler Structure,-,Understanding,-,,-
21,2,2,3,,-,Back end,-,Compiler Structure,-,Understanding,-,,-
21,2,2,3,1,-,Instruction selector:,-,Compiler Structure,-,Understanding,-,,-
21,2,2,3,2,-,Register allocator：,-,Compiler Structure,-,Understanding,-,,-
21,2,2,3,3,-,Instruction scheduler：,-,Compiler Structure,-,Understanding,-,,-
21,3,,,,-,Lexicographical Analysis,-,Lexicographical Analysis,-,Understanding,-,,-
21,3,1,,,-,Finite Automata,-,Lexicographical Analysis,-,Understanding,-,,-
21,3,1,1,,-,A deterministic finite automaton,-,Lexicographical Analysis,-,Understanding,-,,-
21,3,1,2,,-,A non-deterministic finite automaton,-,Lexicographical Analysis,-,Understanding,-,,-
21,3,2,,,-,Construct an efficient finite automaton,-,Lexicographical Analysis,-,Understanding,-,,-
21,3,2,1,,-,Regular Expressions,-,Lexicographical Analysis,-,Understanding,-,,-
21,3,2,2,,-,Thompson Construction,-,Lexicographical Analysis,-,Understanding,-,,-
21,3,2,3,,-,Subset Construction,-,Lexicographical Analysis,-,Understanding,-,,-
21,3,2,4,,-,Hopcroft’s Algorithm,-,Lexicographical Analysis,-,Understanding,-,,-
21,3,2,5,,-,Construct scanner,-,Lexicographical Analysis,-,Understanding,-,,-
21,3,2,5,1,-,Table-driven scanner,-,Lexicographical Analysis,-,Understanding,-,,-
21,3,2,5,2,-,Direct-coded scanner,-,Lexicographical Analysis,-,Understanding,-,,-
21,3,3,,,-,Automatic Scanner Generation with (F)Lex,-,Lexicographical Analysis,-,Understanding,-,,-
21,4,,,,-,Syntactic Analysis,-,Syntactic Analysis,-,Understanding,-,,-
21,4,1,,,-,Backus-Naur Form,-,Syntactic Analysis,-,Understanding,-,,-
21,4,2,,,-,Context-Free Grammars,-,Syntactic Analysis,-,Understanding,-,,-
21,4,3,,,-,Parser generator formalisms,-,Syntactic Analysis,-,Understanding,-,,-
21,4,3,1,,-,Yet Another Compiler Compiler(YACC),-,Syntactic Analysis,-,Understanding,-,,-
21,4,4,,,-,Abstract syntax definitions,-,Syntactic Analysis,-,Understanding,-,,-
21,5,,,,-,Semantic Analysis,-,Semantic Analysis,-,Understanding,-,,-
21,5,1,,,-,Context Analysis,-,Semantic Analysis,-,Understanding,-,,-
21,5,2,,,-,Type checker,-,Semantic Analysis,-,Understanding,-,,-
21,6,,,,-,Code Transformation & Optimisation,-,Code Transformation & Optimisation,-,Understanding,-,,-
21,6,1,,,-,Machine-Independent Optimisation,-,Code Transformation & Optimisation,-,Understanding,-,,-
21,6,1,1,,-,A Taxonomy of Optimisations,-,Code Transformation & Optimisation,-,Understanding,-,,-
21,6,1,1,1,-,Local Optimisation,-,Code Transformation & Optimisation,-,Understanding,-,,-
21,6,1,1,2,-,Intra-procedural optimisation,-,Code Transformation & Optimisation,-,Understanding,-,,-
21,6,1,1,3,-,Inter-procedural optimisation,-,Code Transformation & Optimisation,-,Understanding,-,,-
21,6,2,,,-,Machine-dependent optimisation,-,Code Transformation & Optimisation,-,Understanding,-,,-
21,6,3,,,-,Compilation Scheme:,-,Code Transformation & Optimisation,-,Understanding,-,,-
21,6,4,,,-,Optimisation Infrastructure,-,Code Transformation & Optimisation,-,Understanding,-,,-
21,7,,,,-,Code Generation,-,Code Generation,-,Understanding,-,,-
21,7,1,,,-,Taxonomy of Target Languages,-,Code Generation,-,Understanding,-,,-
21,7,1,1,,-,Machine assembly,-,Code Generation,-,Understanding,-,,-
21,7,1,2,,-,Virtual machine assembly,-,Code Generation,-,Understanding,-,,-
21,7,1,3,,-,Higher level language,-,Code Generation,-,Understanding,-,,-
21,7,2,,,-,Virtual Machines,-,Code Generation,-,Understanding,-,,-
21,7,2,1,,-,Register-based virtual machines,-,Code Generation,-,Understanding,-,,-
21,7,3,2,,-,Stack-based virtual machines,-,Code Generation,-,Understanding,-,,-
21,7,3,,,-,The CiviC Virtual Machine,-,Code Generation,-,Understanding,-,,-
21,7,3,1,,-,Arithmetic Operations,-,Code Generation,-,Understanding,-,,-
21,7,3,2,,-,Relational Operations,-,Code Generation,-,Understanding,-,,-
21,7,3,3,,-,Logical Operations,-,Code Generation,-,Understanding,-,,-
21,7,3,4,,-,Type Conversion,-,Code Generation,-,Understanding,-,,-
21,7,3,5,,-,Constants,-,Code Generation,-,Understanding,-,,-
21,7,3,6,,-,Variables,-,Code Generation,-,Understanding,-,,-
21,7,4,,,-,Code Generation,-,Code Generation,-,Understanding,-,,-
21,7,4,1,,-,Basic Blocks,-,Code Generation,-,Understanding,-,,-
21,7,4,2,,-,Simple Expressions,-,Code Generation,-,Understanding,-,,-
21,7,4,3,,-,Control Flow Constructs,-,Code Generation,-,Understanding,-,,-
21,7,4,,1,-,Conditionals,-,Code Generation,-,Understanding,-,,-
21,7,4,,2,-,Do-While-Loops,-,Code Generation,-,Understanding,-,,-
21,7,4,,3,-,While-Loops,-,Code Generation,-,Understanding,-,,-
21,7,4,4,,-,Extern Declarations,-,Code Generation,-,Understanding,-,,-
21,7,4,,1,-,External linkage information,-,Code Generation,-,Understanding,-,,-
21,7,4,5,,-,Calling Convention,-,Code Generation,-,Understanding,-,,-
21,7,4,,1,-,CiviC Procedure Call Convention,-,Code Generation,-,Understanding,-,,-
21,7,4,6,,-,Nested Functions,-,Code Generation,-,Understanding,-,,-
21,7,4,6,1,-,Extended Context Analysis,-,Code Generation,-,Understanding,-,,-
21,7,4,7,,-,Static vs Dynamic Link,-,Code Generation,-,Understanding,-,,-
21,7,4,8,,-,Calling External Functions,-,Code Generation,-,Understanding,-,,-
21,7,4,9,,-,Instruction Selection,-,Code Generation,-,Understanding,-,,-