courseid,chapterid,sectionid,unitid,subunitid,-,topic,-,chapter,-,Cognitive level,-,description_of_topic,-
3,,,,,-,Discrete Math,-,Course,-,Understanding,-,,-
3,0,,,,-,Objective,-,Course objective,-,Understanding,-,,-
3,0,1,,,-,Obj1,-,Course objective,-,Understanding,-,,-
3,0,2,,,-,Obj2,-,Course objective,-,Understanding,-,,-
3,0,3,,,-,Obj3,-,Course objective,-,Understanding,-,,-
3,0,4,,,-,Obj4,-,Course objective,-,Understanding,-,,-
3,0,5,,,-,Obj5,-,Course objective,-,Understanding,-,,-
3,1,,,,-,Introduction and Propositional Logic,-,Introduction and Propositional Logic,-,Understanding,-,,-
3,1,1,,,-,Propositional Logic,-,Introduction and Propositional Logic,-,Understanding,-,,-
3,1,2,,,-,Propositional Equivalences,-,Introduction and Propositional Logic,-,Understanding,-,,-
3,1,3,,,-,Proofs and Inferences,-,Introduction and Propositional Logic,-,Understanding,-,,-
3,1,3,1,,-,Natural Deduction,-,Introduction and Propositional Logic,-,Understanding,-,,-
3,1,4,,,-,Tableau,-,Introduction and Propositional Logic,-,Understanding,-,,-
3,1,5,,,-,Informal Proofs,-,Introduction and Propositional Logic,-,Understanding,-,,-
3,2,,,,-,Recursion,-,Recursion,-,Understanding,-,,-
3,2,1,,,-,Proofs over Formulae,-,Recursion,-,Understanding,-,,-
3,2,2,,,-,Recursive Definitions,-,Recursion,-,Understanding,-,,-
3,2,3,,,-,The Natural Numbers,-,Recursion,-,Understanding,-,,-
3,2,4,,,-,More Complex Recursive Definitions,-,Recursion,-,Understanding,-,,-
3,2,5,,,-,Recursive Algoritms,-,Recursion,-,Understanding,-,,-
3,3,,,,-,Predicate Logic,-,Predicate Logic,-,Understanding,-,,-
3,3,1,,,-,Predicates and Quantifiers,-,Predicate Logic,-,Understanding,-,,-
3,3,2,,,-,Nested Quantifiers,-,Predicate Logic,-,Understanding,-,,-
3,4,,,,-,Proofs in First Order Logic,-,Proofs in First Order Logic,-,Understanding,-,,-
3,4,1,,,-,Natural Deduction for Predicate Logic,-,Proofs in First Order Logic,-,Understanding,-,,-
3,4,2,,,-,Informal Proofs for Predicate Logic,-,Proofs in First Order Logic,-,Understanding,-,,-
3,4,3,,,-,Mathematical Induction,-,Proofs in First Order Logic,-,Understanding,-,,-
3,4,4,,,-,Strong Induction,-,Proofs in First Order Logic,-,Understanding,-,,-
3,5,,,,-,Set Theory,-,Set Theory,-,Understanding,-,,-
3,5,1,,,-,Sets,-,Set Theory,-,Understanding,-,,-
3,5,2,,,-,Operations with Sets,-,Set Theory,-,Understanding,-,,-
3,5,3,,,-,Relations,-,Set Theory,-,Understanding,-,,-
3,5,4,,,-,Equivalence Relations,-,Set Theory,-,Understanding,-,,-
3,5,5,,,-,Functions,-,Set Theory,-,Understanding,-,,-
3,5,6,,,-,Cardinality of sets,-,Set Theory,-,Understanding,-,,-
3,6,,,,-,Algebra,-,Algebra,-,Understanding,-,,-
3,6,1,,,-,Groups,-,Algebra,-,Understanding,-,,-
3,6,1,1,,-,Subgroups,-,Algebra,-,Understanding,-,,-
3,6,2,,,-,Morphisms,-,Algebra,-,Understanding,-,,-
3,6,3,,,-,Multiplicative Groups,-,Algebra,-,Understanding,-,,-
3,6,3,1,,-,RSA,-,Algebra,-,Understanding,-,,-
3,6,4,,,-,Other Results of Group and Field Theory,-,Algebra,-,Understanding,-,,-
3,7,,,,-,Combinatorics,-,Combinatorics,-,Understanding,-,,-
3,7,1,,,-,The Basics of Counting,-,Combinatorics,-,Understanding,-,,-
3,7,2,,,-,Permutations and Combinations,-,Combinatorics,-,Understanding,-,,-
3,7,3,,,-,Binomial Coefficients and Identities,-,Combinatorics,-,Understanding,-,,-
3,7,4,,,-,Generalized Permutations and Combinations,-,Combinatorics,-,Understanding,-,,-
3,7,5,,,-,Catalan Numbers,-,Combinatorics,-,Understanding,-,,-
3,8,,,,-,Graphs,-,Graphs,-,Understanding,-,,-
3,8,1,,,-,Graphs and Graph Models,-,Graphs,-,Understanding,-,,-
3,8,2,,,-,Graph Terminology: Degrees and Neighbourhoods,-,Graphs,-,Understanding,-,,-
3,8,3,,,-,Named Graphs,-,Graphs,-,Understanding,-,,-
3,8,4,,,-,Connectivity,-,Graphs,-,Understanding,-,,-
3,8,5,,,-,Commonly Known Graph Problems,-,Graphs,-,Understanding,-,,-
3,8,6,,,-,Representing Graphs and Graph Isomorphisms,-,Graphs,-,Understanding,-,,-
3,8,7,,,-,Shortest Path Problems,-,Graphs,-,Understanding,-,,-
3,8,8,,,-,Euler and Hamiltonian Graphs,-,Graphs,-,Understanding,-,,-