courseid,chapterid,sectionid,unitid,subunitid,-,topic,-,chapter,-,Cognitive level,-,description_of_topic,-
6,,,,,-,Programming Languages,-,Course,-,Understanding,-,,-
6,0,,,,-,Objective,-,Course objective,-,Understanding,-,,-
6,0,1,,,-,Obj1,-,Course objective,-,Understanding,-,,-
6,0,2,,,-,Obj2,-,Course objective,-,Understanding,-,,-
6,0,3,,,-,Obj3,-,Course objective,-,Understanding,-,,-
6,0,4,,,-,Obj4,-,Course objective,-,Understanding,-,,-
6,0,5,,,-,Obj5,-,Course objective,-,Understanding,-,,-
6,1,,,,-,"Programming Languages, Paradigms, and Environments",-,"Programming Languages, Paradigms, and Environments",-,Understanding,-,,-
6,1,1,,,-,Programming languages,-,"Programming Languages, Paradigms, and Environments",-,Understanding,-,,-
6,1,2,,,-,Programming Paradigms,-,"Programming Languages, Paradigms, and Environments",-,Understanding,-,,-
6,1,3,,,-,Programming environments,-,"Programming Languages, Paradigms, and Environments",-,Understanding,-,,-
6,2,,,,-,Python,-,Python,-,Understanding,-,,-
6,2,1,,,-,Programming Paradigm,-,Python,-,Understanding,-,,-
6,2,2,,,-,Fundamental Types,-,Python,-,Understanding,-,,-
6,2,3,,,-,The Type System,-,Python,-,Understanding,-,,-
6,2,4,,,-,Flow Control,-,Python,-,Understanding,-,,-
6,2,5,,,-,Compound Data Types,-,Python,-,Understanding,-,,-
6,2,6,,,-,Strings,-,Python,-,Understanding,-,,-
6,2,7,,,-,Exceptions,-,Python,-,Understanding,-,,-
6,2,8,,,-,Object-Oriented Programming,-,Python,-,Understanding,-,,-
6,2,9,,,-,Memory Model,-,Python,-,Understanding,-,,-
6,2,10,,,-,Iteratie of Recursie,-,Python,-,Understanding,-,,-
6,2,11,,,-,Higher Order Functions,-,Python,-,Understanding,-,,-
6,2,12,,,-,Iterable,-,Python,-,Understanding,-,,-
6,2,13,,,-,Generator,-,Python,-,Understanding,-,,-
6,3,,,,-,C++,-,C++,-,Understanding,-,,-
6,3,1,,,-,History,-,C++,-,Understanding,-,,-
6,3,2,,,-,Usage,-,C++,-,Understanding,-,,-
6,3,3,,,-,Types,-,C++,-,Understanding,-,,-
6,3,4,,,-,Memory Model,-,C++,-,Understanding,-,,-
6,3,5,,,-,Object Orientation,-,C++,-,Understanding,-,,-
6,3,6,,,-,RAII,-,C++,-,Understanding,-,,-
6,3,7,,,-,Operator Overloading,-,C++,-,Understanding,-,,-
6,3,8,,,-,Polymorphism,-,C++,-,Understanding,-,,-
6,3,9,,,-,Datastructures,-,C++,-,Understanding,-,,-
6,4,,,,-,Object oriented programming,-,Object oriented programming,-,Understanding,-,,-
6,4,1,,,-,Objects vs Classes,-,Object oriented programming,-,Understanding,-,,-
6,4,2,,,-,inheritance,-,Object oriented programming,-,Understanding,-,,-
6,4,3,,,-,Inclusion Polymorphism,-,Object oriented programming,-,Understanding,-,,-
6,4,4,,,-,Software engineering principes,-,Object oriented programming,-,Understanding,-,,-
6,4,4,1,,-,Coupling（not treated）,-,Object oriented programming,-,Understanding,-,,-
6,4,4,2,,-,Design patterns（not covered）,-,Object oriented programming,-,Understanding,-,,-
6,4,4,3,,-,Encapsulation and information hiding,-,Object oriented programming,-,Understanding,-,,-
6,4,5,,,-,OO in Python en C++,-,Object oriented programming,-,Understanding,-,,-
6,5,,,,-,Haskell,-,Haskell,-,Understanding,-,,-
6,5,1,,,-,First steps,-,Haskell,-,Understanding,-,,-
6,5,2,,,-,Lists and tuples,-,Haskell,-,Understanding,-,,-
6,5,3,,,-,Functions,-,Haskell,-,Understanding,-,,-
6,5,4,,,-,Working with lists,-,Haskell,-,Understanding,-,,-
6,5,5,,,-,Tips'n Tricks,-,Haskell,-,Understanding,-,,-
6,5,6,,,-,Types,-,Haskell,-,Understanding,-,,-
6,5,7,,,-,Polymorphism,-,Haskell,-,Understanding,-,,-
6,5,8,,,-,Input/Output,-,Haskell,-,Understanding,-,,-
6,5,9,,,-,Functors,-,Haskell,-,Understanding,-,,-
6,5,10,,,-,do-notation,-,Haskell,-,Understanding,-,,-
6,6,,,,-,Functional programming,-,Functional programming,-,Understanding,-,,-
6,6,1,,,-,Haskell design choices,-,Functional programming,-,Understanding,-,,-
6,6,2,,,-,Procedures versus functions,-,Functional programming,-,Understanding,-,,-
6,6,2,1,,-,Program State and Input/Output,-,Functional programming,-,Understanding,-,,-
6,6,2,2,,-,Evaluation strategy,-,Functional programming,-,Understanding,-,,-
6,6,3,,,-,Lazy evaluation,-,Functional programming,-,Understanding,-,,-
6,7,,,,-,Enlang,-,Enlang,-,Understanding,-,,-
6,7,1,,,-,History,-,Enlang,-,Understanding,-,,-
6,7,2,,,-,Imperative vs Functional,-,Enlang,-,Understanding,-,,-
6,7,3,,,-,Strict vs lazy evaluation,-,Enlang,-,Understanding,-,,-
6,7,4,,,-,IO in Erlang,-,Enlang,-,Understanding,-,,-
6,7,5,,,-,Data types,-,Enlang,-,Understanding,-,,-
6,7,6,,,-,Functions,-,Enlang,-,Understanding,-,,-
6,7,7,,,-,Regular expressions,-,Enlang,-,Understanding,-,,-
6,7,8,,,-,Error handling,-,Enlang,-,Understanding,-,,-